,location,sex,year,Ischemic_DR,Air Pollution,APM,DL_omega_6,DH_Pro_Meat,DH_red_meat,DH_sodium,DH_beverages,DH_fatty,DL_fiber,DL_fruits,DL_legumes,DL_nuts,DL_omega-3,DL_vegetables,DL_grains,Dietary_risks,HLDL,H_alcohol,H_body_mass,H_plasma,H_systolic,High_temp,HAPSF,KD,lead_expo,Low_temp,Metabolic risks,Non_op_temp,PM,sec_smo,smoking,Tobacco
0,Bangladesh,Both,1990,119.1241349,54.71196108,6.156914441,12.2957997,0.48483907,-0.045698028,4.224660861,0.010976406,5.210633492,23.09500671,18.06052131,7.430582422,20.10312649,10.27753099,14.57409122,7.879603184,64.4235702,29.35185314,-0.070175747,2.21192325,11.14419306,50.17602587,-0.057474686,48.54959626,16.70451992,13.01938329,4.212424156,79.40855498,4.152770923,54.71196108,5.054984641,26.30567315,30.35770174
1,Bangladesh,Both,1991,111.6178553,51.2455888,5.815181511,11.46230202,0.451635802,-0.043072498,3.882513448,0.01027801,4.856416419,21.55425846,16.86122558,6.999418161,18.61144051,9.450240216,13.588567,7.322639214,60.05655768,27.37993531,-0.070997126,2.078910434,10.57890681,47.19101316,-5.162554908,45.42428015,15.82753906,12.314824,2.625357709,74.57661434,-2.43068617,51.2455888,4.668686289,24.4427825,28.18402395
2,Bangladesh,Both,1992,111.4314835,51.14051228,5.835467016,11.41103524,0.449611376,-0.043317682,3.90443747,0.010294067,4.834911998,21.45541473,16.78985358,7.028671413,18.37857972,9.266554126,13.50979209,7.252878058,59.75294714,27.25489121,-0.075645226,2.098144046,10.70493759,47.33157299,0.266375803,45.29576078,15.91078179,12.38374953,4.769505332,74.64349099,5.017164658,51.14051228,4.633190057,24.05515709,27.77711242
3,Bangladesh,Both,1993,110.4808919,50.68805931,5.827661894,11.28221257,0.443768782,-0.043235755,3.902314039,0.010237363,4.785134467,21.19397535,16.5882382,7.009254805,18.02705352,8.993204954,13.32506182,7.13621668,59.02967607,26.90597884,-0.07996973,2.097897263,10.77174309,47.10596201,-0.417850354,44.85116593,15.8861214,12.39264145,3.989799194,74.16128249,3.581373904,50.68805931,4.559666728,23.65798501,27.32262968
4,Bangladesh,Both,1994,109.3950121,50.17669222,5.80595734,11.11060369,0.437215046,-0.04300714,3.894826661,0.010183024,4.730502058,20.87960763,16.33834765,6.960396619,17.63272757,8.694828784,13.10097618,6.998838581,58.1688344,26.48908558,-0.08364154,2.095205497,10.84623854,46.80192284,0.003992543,44.36135504,15.83905406,12.37551906,4.059482306,73.56760079,4.056701252,50.17669222,4.489262069,23.16083211,26.77444621
5,Bangladesh,Both,1995,111.7054737,51.22037898,5.958377304,11.2982292,0.446395866,-0.044196603,4.003796885,0.010522411,4.81973989,21.23490843,16.61178715,7.120875613,17.81994859,8.680892227,13.28518472,7.079505716,59.14219308,26.95022843,-0.089643014,2.166817804,11.25542643,47.88654071,0.444434073,45.25777168,16.24492572,12.72269158,4.453396052,75.23160828,4.872310048,51.22037898,4.569033526,23.34051745,27.02696319
6,Bangladesh,Both,1996,110.5022116,50.65324078,5.938733298,11.09738722,0.439850359,-0.043854776,3.990000354,0.010530858,4.742887539,20.87522341,16.31779138,7.031235313,17.42083604,8.355181322,13.00859581,6.925380876,58.15423325,26.49452274,-0.093130545,2.16260251,11.3668146,47.35299275,0.200708123,44.71657915,16.15577693,12.69843475,4.036119935,74.4575401,4.22320734,50.65324078,4.483139355,22.8777181,26.49730946
7,Bangladesh,Both,1997,109.4527864,50.15416256,5.918461363,10.90594336,0.434078654,-0.04347529,3.976556095,0.010580942,4.668524181,20.53248224,16.03399663,6.930943639,17.04529707,8.049337482,12.72437224,6.773042371,57.21332943,26.06585405,-0.096048815,2.166369417,11.53546717,46.79637896,-0.133310461,44.23767026,16.07256354,12.67271574,4.56481703,73.74120338,4.431933569,50.15416256,4.406878307,22.33281858,25.89899663
8,Bangladesh,Both,1998,108.2678539,49.59536265,5.89431114,10.71047736,0.428242987,-0.043014496,3.95464445,0.010645692,4.589282597,20.16028013,15.72505873,6.8098347,16.67594751,7.745097227,12.40054604,6.613141765,56.2092167,25.60118464,-0.0987699,2.169787793,11.70839575,46.04328969,0.45918555,43.70150215,15.96543135,12.62432175,4.087796676,72.85891891,4.524324639,49.59536265,4.319719134,21.80023901,25.3029734
9,Bangladesh,Both,1999,111.9048864,51.24726558,6.112108395,10.92347187,0.433246048,-0.043694834,4.231093642,0.011016706,4.681505571,20.49815989,15.95595433,6.9223331,16.92404097,7.750112343,12.48252837,6.681656358,57.48987842,25.96558122,-0.102588753,2.244275199,12.50207382,47.31452988,0.364475786,45.13237823,16.71930324,13.1110052,3.493868047,75.15357812,3.843528532,51.24726558,4.413075087,21.824606,25.42800549
10,Bangladesh,Both,2000,113.8278741,52.10926782,6.254813424,11.05306363,0.442708047,-0.044503686,4.421211219,0.011458881,4.74586239,20.73253067,16.11327803,6.977648091,17.08693931,7.668961399,12.46184003,6.724729783,58.15408938,26.06046035,-0.108046094,2.327315319,12.94744779,47.04256354,0.296314318,45.85326311,17.04877435,13.38583496,4.644666381,75.76965684,4.925701637,52.10926782,4.449818631,22.03880568,25.67705193
11,Bangladesh,Both,2001,113.142037,51.77192972,6.262264823,10.9233856,0.442416146,-0.044214625,4.516800331,0.011646926,4.621558585,20.46799821,15.87603548,6.855774042,16.86601128,7.410335212,12.09817058,6.610889501,57.41428919,25.53259702,-0.110656607,2.367713008,13.04277824,45.71058991,0.39306773,45.5082545,17.03552837,13.34174159,4.509951401,74.64430469,4.884067233,51.77192972,4.381983888,21.69027775,25.28250912
12,Bangladesh,Both,2002,115.0388637,52.61444298,6.405225139,11.00453268,0.449683142,-0.044664591,4.726251657,0.012039544,4.555021478,20.59813892,15.93329847,6.860948173,17.00169764,7.316132273,11.92492478,6.631523584,57.84542228,25.47207002,-0.115372886,2.456331632,13.47429727,46.06348162,0.349420943,46.19597534,17.52125349,13.58352158,3.945389396,75.59406213,4.280712969,52.61444298,4.416110953,21.65882797,25.29626872
13,Bangladesh,Both,2003,115.2209956,52.67660103,6.468939976,10.98980502,0.455521095,-0.044847004,4.862437073,0.01236733,4.411258864,20.52111733,15.83109076,6.795801371,16.98021396,7.113312138,11.57711596,6.59823416,57.55532791,25.45474759,-0.120080213,2.535275922,13.6198782,45.41023416,0.84054397,46.18361781,17.66683464,13.63674772,4.981531872,75.36919184,5.781732575,52.67660103,4.380582465,21.62171615,25.23552679
14,Bangladesh,Both,2004,113.2859827,51.76748029,6.419613842,10.81562647,0.456618793,-0.044563357,4.916952721,0.012535752,4.17852076,20.14280951,15.49581417,6.630367267,16.71907965,6.776091852,11.01033278,6.481328992,56.31239411,25.0999899,-0.122858373,2.59020531,13.46193156,44.28528053,0.823551013,45.3255831,17.38726744,13.46296523,4.186790371,73.97017481,4.976843568,51.76748029,4.242133596,21.46078755,24.95502544
15,Bangladesh,Both,2005,113.8169218,51.97400905,6.473429723,10.90850441,0.470315303,-0.045428284,5.077751723,0.012853344,4.027495367,20.23932043,15.52423513,6.623010628,16.86432855,6.602926857,10.65838973,6.522856931,56.33343531,25.36396629,-0.126580822,2.71801749,13.64110774,43.88652039,1.136015367,45.49788499,17.41549145,13.54110237,3.825843164,74.07177528,4.920620439,51.97400905,4.206325009,21.7380552,25.19992017
16,Bangladesh,Both,2006,116.990621,53.32000145,6.551995535,11.21076046,0.490090807,-0.047061266,5.381613662,0.013369943,3.935949694,20.71454484,15.82837029,6.74068627,17.33523022,6.526282067,10.47094492,6.693280381,57.49634518,26.07700227,-0.130673343,2.88944108,14.23219496,44.55740898,1.102178684,46.78873465,17.87033104,13.92026771,3.649016244,75.89485022,4.713979228,53.32000145,4.259472504,22.47154889,25.97586757
17,Bangladesh,Both,2007,117.5557157,53.40533208,6.326989045,11.22326416,0.492249074,-0.047470309,5.584112421,0.013520659,3.745386394,20.67597479,15.72795609,6.685100694,17.38041393,6.279934133,10.01056241,6.698957126,57.27553949,26.15119216,-0.129764686,3.003319018,14.58469325,44.256374,1.204442276,47.10285895,17.93121081,13.9654935,4.917645849,76.0654296,6.067411238,53.40533208,4.228646727,22.62798438,26.10908612
18,Bangladesh,Both,2008,114.8004593,51.97307633,5.872353948,10.95609123,0.482964127,-0.046731948,5.633683998,0.013345004,3.470218945,20.09351371,15.21930606,6.458400704,16.95515377,5.880658007,9.314812138,6.529534432,55.5405063,25.54027331,-0.124335792,3.056323911,14.54045126,43.06182274,1.056199911,46.11637482,17.44802578,13.58181796,4.342196462,74.3200842,5.355221935,51.97307633,4.114284651,22.10451832,25.49713835
19,Bangladesh,Both,2009,113.6999636,51.32378694,5.560734806,10.83422903,0.479481158,-0.046549996,5.785068189,0.0133328,3.250656928,19.78056566,14.91676326,6.32283907,16.75824364,5.576242331,8.792327721,6.451480458,54.61268229,25.25723657,-0.120611393,3.146199792,14.68508812,43.75086588,1.657487802,45.76645799,17.24675565,13.4123148,3.642579429,74.34064959,5.243188257,51.32378694,4.0697114,21.79138395,25.1565975
20,Bangladesh,Both,2010,114.7712261,51.75408736,5.495646643,10.88597721,0.482119697,-0.046989401,6.073787472,0.013500119,3.10314155,19.79734604,14.85804155,6.295503631,16.81456856,5.366823427,8.473926575,6.480025173,54.68109929,25.36645132,-0.118604116,3.277163996,15.13263745,45.74349423,2.012100816,46.25415803,17.45012814,13.50143212,4.227905202,76.03128252,6.160400106,51.75408736,4.109496617,21.71811169,25.13030436
21,Bangladesh,Both,2011,106.0731274,47.86855351,5.432575973,10.22394486,0.469076557,-0.045343932,5.611760683,0.01308477,2.775098462,18.55580672,13.88356237,5.848076373,15.78554406,4.794916417,7.589058184,6.089159631,50.63540733,24.11064571,-0.112261676,3.285066199,14.00169422,44.1948692,0.992628785,42.48458316,15.86721584,12.26977499,4.572703002,71.60405001,5.518839687,47.86855351,3.876649246,20.36125379,23.57799543
22,Bangladesh,Both,2012,101.4301383,45.85219299,6.030811918,9.944777131,0.474630736,-0.045414526,5.360765944,0.013181746,2.606482538,18.03481528,13.46698868,5.629805614,15.35879857,4.458025158,7.083988491,5.933938326,48.62207884,23.77533407,-0.109967802,3.429138442,13.35744241,45.14539921,1.595303796,39.96913767,14.95147734,11.50283404,4.898608433,70.34900512,6.411200688,45.85219299,3.81127154,19.74272946,22.90373802
23,Bangladesh,Both,2013,101.1835491,45.84412987,7.067084476,9.870476352,0.472518825,-0.045388609,5.404009202,0.013241048,2.593186669,17.8706311,13.29946989,5.555679562,15.22858486,4.230985484,6.881813586,5.903250404,48.18186157,23.61213392,-0.108916558,3.518693811,13.54558355,48.07945752,1.317989587,39.00104841,14.99865308,11.44656046,4.660175157,71.93509713,5.913016909,45.84412987,3.818770935,19.73416562,22.8996896
24,Bangladesh,Both,2014,106.690389,48.43967224,8.406334203,10.24458142,0.482777261,-0.04686253,5.762199006,0.013732051,2.700746054,18.48626031,13.70398917,5.738272697,15.7592142,4.216790719,7.067177931,6.125478775,50.1753589,24.33166723,-0.110714223,3.708719563,14.66951924,52.19717744,1.906122614,40.24392623,16.07485757,12.09781178,5.195968708,76.66242405,7.003286398,48.43967224,4.022796425,20.44896782,23.79363843
25,Bangladesh,Both,2015,105.0624016,47.73449421,8.69275932,10.07531068,0.48228369,-0.046781003,5.687018345,0.013794072,2.659214932,18.19269803,13.45791746,5.617467607,15.49185903,3.978898408,6.856530965,6.044660078,49.23236371,24.06077966,-0.109266856,3.794317552,14.57885976,52.44552668,1.405915596,39.03926689,15.84161468,11.79837911,4.224356972,76.1756366,5.570222625,47.73449421,4.014113688,20.20941502,23.54505556
26,Bangladesh,Both,2016,105.4010981,47.79561901,8.773644898,10.0775336,0.484536518,-0.047195949,5.724125688,0.013996768,2.659473969,18.15810792,13.40169453,5.590551694,15.43761687,3.794341218,6.786822972,6.047076506,49.13005497,24.07553672,-0.10914784,3.898781562,14.81375616,53.27788085,1.818350847,38.77214489,15.9087776,11.78115278,3.817428188,76.83802177,5.566095194,47.79561901,4.060217165,20.29132534,23.66337052
27,Bangladesh,Both,2017,109.3846268,49.34058632,9.160957653,10.29489248,0.488931445,-0.048164771,5.986274624,0.014369912,2.725758524,18.52837827,13.62870425,5.697426316,15.72409987,3.687030056,6.941178192,6.183435954,50.40035039,24.48215209,-0.110899787,4.016799768,15.70841775,55.59552028,1.631857757,39.83551876,16.63997012,12.26700313,4.20319712,79.85385373,5.769006779,49.34058632,4.19820381,20.9427661,24.42848675
28,Bangladesh,Both,2018,109.3504838,48.94047615,9.134311946,10.26197908,0.491199035,-0.048533858,5.990793629,0.01458088,2.721000675,18.44691972,13.53628028,5.652036442,15.61396097,3.484879583,6.882796075,6.161328678,50.13221308,24.44765482,-0.110353698,4.113550702,15.85876836,55.72379587,1.532542324,39.54636369,16.58788665,12.17943775,4.864371116,79.94365838,6.324329726,48.94047615,4.238340186,20.91448175,24.43362251
29,Bangladesh,Both,2019,108.7546891,48.2154344,9.023932918,10.1796193,0.49064075,-0.048642188,5.964125237,0.014719331,2.705833489,18.27182705,13.37524457,5.579558163,15.41828818,3.264496057,6.802083644,6.106624542,49.61751592,24.28803037,-0.109279445,4.17968531,15.89446291,55.37730308,2.151918788,39.18818456,16.49682075,12.03666079,4.40527927,79.52411674,6.46486643,48.2154344,4.252856654,20.78971207,24.3205666
30,Bangladesh,Both,2020,108.0717103,47.04117326,8.061957792,10.09195449,0.490811284,-0.048779426,5.924177213,0.014865541,2.694134197,18.10291901,13.21880756,5.508481365,15.22338071,3.129484822,6.734179907,6.054137914,49.12457601,24.13161359,-0.108194541,4.247870194,15.92074271,54.82224779,1.791427346,38.97335076,16.41311381,11.86759468,4.788977675,78.96517818,6.496303915,47.04117326,4.270907857,20.6244992,24.17043699
31,Bangladesh,Both,2021,107.5026744,47.66489857,8.91217252,10.0295814,0.487441827,-0.048671902,5.885401989,0.014798097,2.68537558,17.98959611,13.08846235,5.475568278,15.11070592,2.981994243,6.750338527,6.035001563,48.78959294,23.9957156,-0.107597175,4.312034296,15.93570827,54.22515363,1.839625185,38.74985173,16.34725792,11.71547294,4.185132313,78.4258321,5.948911406,47.66489857,4.289069684,20.49496021,24.05635788
96,Bhutan,Both,1990,106.7290845,46.75432988,6.580252483,10.66093846,0.471447389,-0.090008117,3.936217992,0.012969266,4.465605581,14.14971644,12.43496671,4.483271587,14.33719739,15.68792804,6.21690842,10.40729995,55.01524281,35.00364522,-1.210347601,6.95964617,10.31133729,49.46268481,-0.000461513,40.1712891,17.37936038,12.79262123,6.99458342,78.93837063,6.994185044,46.75432988,4.271241722,11.48061513,15.20532857
97,Bhutan,Both,1991,105.9740572,46.3708135,6.65664662,10.54516056,0.472256289,-0.089405089,3.821758123,0.013143551,4.426287195,13.895861,12.24037899,4.406377725,14.06261716,15.44058154,6.033860551,10.2914596,54.27899288,34.75862582,-1.204114488,6.971054311,10.35430906,49.20230437,-8.42E-05,39.71820658,17.25987962,12.79455268,7.067991475,78.46367645,7.067933432,46.3708135,4.228818668,11.33201565,15.02226957
98,Bhutan,Both,1992,105.7093308,46.18271239,6.810539154,10.49110853,0.475226466,-0.089318547,3.832469558,0.0133867,4.416557189,13.71621108,12.11388618,4.353398836,13.86131973,15.27785828,5.889152922,10.23407902,53.88095458,34.6801418,-1.202264163,7.021543231,10.46528955,49.15651736,0.00088892,39.37733538,17.22366266,12.84299307,7.377810018,78.3562379,7.378642874,46.18271239,4.1938476,11.23920064,14.90146045
99,Bhutan,Both,1993,106.1985881,46.30706322,7.055422443,10.50413739,0.481867016,-0.089884123,3.876351861,0.013729081,4.436067185,13.63017429,12.06915207,4.327530725,13.75428575,15.21712625,5.786710017,10.25171467,53.86272977,34.87168491,-1.207720008,7.13529124,10.65087281,49.47768641,0.000538095,39.25495501,17.30630334,12.98949468,7.102804432,78.82077741,7.103325495,46.30706322,4.176736966,11.23175626,14.88139102
100,Bhutan,Both,1994,106.235426,46.21831655,7.299282759,10.49223157,0.485680904,-0.089879994,3.905894787,0.014011018,4.428952742,13.47380501,11.96872375,4.282708068,13.58210375,15.08479917,5.660321906,10.21910241,53.61252719,34.86966486,-1.205111899,7.204606895,10.81058058,49.60619776,0.003942211,38.921547,17.33817115,13.08044312,7.024283517,78.95076648,7.027957241,46.21831655,4.131312131,11.16405387,14.77688689
101,Bhutan,Both,1995,106.6981307,46.30928269,7.593205535,10.51254733,0.492550625,-0.090439607,3.948756974,0.014406011,4.440857204,13.36406892,11.91293848,4.249210915,13.4546804,15.00840524,5.555858362,10.23226096,53.5517256,35.04728779,-1.209743075,7.318586641,11.00921675,49.94005743,2.46E-05,38.71552813,17.43405778,13.20949253,6.876854902,79.41943067,6.87690428,46.30928269,4.104576068,11.14889923,14.74062223
102,Bhutan,Both,1996,104.8245735,45.35577496,7.754543348,10.28993534,0.484822651,-0.088554536,3.903780778,0.01441848,4.345555269,12.93098858,11.56509094,4.113258362,13.00378247,14.56660571,5.325581417,9.994914162,52.2516979,34.33939552,-1.183386646,7.231893274,11.01823179,49.12332687,0.001135064,37.60038223,17.19579204,13.05327391,6.794099675,78.08994976,6.795189781,45.35577496,3.979406566,10.86211829,14.34789232
103,Bhutan,Both,1997,105.9537434,45.66587022,8.207338201,10.39490238,0.494563243,-0.089709309,3.968461812,0.014943444,4.388440616,12.91125728,11.59230501,4.106797176,12.97032617,14.58444915,5.272264451,10.08273986,52.55219477,34.74546604,-1.198018861,7.402062467,11.35807696,49.69781466,0.002337316,37.45987631,17.41233791,13.25925577,7.709823953,79.03828532,7.711958335,45.66587022,3.98680487,10.95038857,14.44330571
104,Bhutan,Both,1998,105.4436688,45.24316725,8.594027289,10.29903054,0.49149666,-0.088811471,3.973876777,0.015101195,4.350476322,12.65930655,11.39882671,4.02317474,12.70342405,14.33426158,5.132346829,9.98468654,51.94960201,34.48953158,-1.186793037,7.409468828,11.5392097,49.56175893,0.001335479,36.65278493,17.40797792,13.27344633,6.484349908,78.75620014,6.48564529,45.24316725,3.920557597,10.85005944,14.28660144
105,Bhutan,Both,1999,104.2124919,44.48410454,8.96293852,10.11891655,0.484782912,-0.087148758,4.048215572,0.015135634,4.286374407,12.31259756,11.11606601,3.904690218,12.34341937,13.97682794,4.960691992,9.80801685,51.02180863,33.97079352,-1.163089946,7.358298559,11.65700966,49.07222872,-0.00016858,35.52266058,17.2962224,13.17921201,6.243704519,77.92607255,6.243602949,44.48410454,3.824738935,10.65169207,14.00682131
106,Bhutan,Both,2000,106.2480986,45.06051911,9.674790428,10.27818136,0.498852505,-0.088897174,4.247960791,0.015777617,4.369656952,12.40081476,11.22966298,3.917311552,12.42411717,14.09710808,4.968018461,9.986235485,51.78937188,34.70673938,-1.185479012,7.60688997,12.06737829,50.12101296,-0.004100453,35.3817525,17.64295195,13.4703636,7.188722036,79.57124588,7.184812529,45.06051911,3.866949253,10.86533425,14.25646831
107,Bhutan,Both,2001,105.9657909,44.61125616,10.36032444,10.21298094,0.499201796,-0.088239405,4.374935175,0.01601569,4.266231254,12.18470721,11.06472505,3.842752544,12.20388619,13.87786171,4.863001969,9.91534382,51.35824357,34.56550324,-1.166058516,7.654724651,12.21105769,50.10309035,0.003446503,34.28169264,17.65394388,13.46819394,6.759454411,79.46237695,6.762714431,44.61125616,3.810438932,10.7945158,14.1374676
108,Bhutan,Both,2002,105.9825739,44.20776761,11.26919061,10.16878025,0.501942997,-0.087852261,4.52190651,0.016354335,4.139501147,11.98119852,10.91692229,3.775827913,11.99981207,13.67444606,4.773123206,9.860563358,51.02248086,34.50531926,-1.137438154,7.727282211,12.37958424,50.30141611,0.001950319,33.04430685,17.7284582,13.49666211,6.942340784,79.61274822,6.944185208,44.20776761,3.764691202,10.73343316,14.03860948
109,Bhutan,Both,2003,107.2699873,44.23590064,12.38943959,10.26645744,0.513520528,-0.088795698,4.725160429,0.016973258,4.049940666,11.94261296,10.92050786,3.763699781,11.95896979,13.64989781,4.755539862,9.941529385,51.34973143,34.95120704,-1.118004706,7.92695429,12.67264878,51.14177245,0.004878092,32.01518659,17.98536177,13.68149911,7.081333038,80.76108687,7.08590537,44.23590064,3.772962913,10.81920658,14.13316427
110,Bhutan,Both,2004,107.7221865,43.8330975,13.34238977,10.28043962,0.520246527,-0.088866594,4.901691287,0.017444308,3.90539916,11.8047197,10.83216176,3.721816883,11.81894844,13.52006983,4.704765765,9.93169811,51.2642575,35.08686104,-1.078556745,8.055887682,12.89651923,51.64433311,0.000700961,30.64214143,18.11724328,13.74978982,7.116642651,81.31236203,7.117314084,43.8330975,3.74296589,10.77746809,14.06831843
111,Bhutan,Both,2005,108.3806164,43.41462807,14.11550749,10.31813657,0.52881776,-0.089098195,5.094105709,0.017748153,3.751583563,11.69050543,10.7717313,3.690363415,11.70532792,13.4171276,4.669252526,9.942065139,51.2753302,35.29057323,-1.038505775,8.193571778,13.15322975,52.20533694,0.007187392,29.29614481,18.26912404,13.8418901,7.048607817,81.99326414,7.055355887,43.41462807,3.713036079,10.77354859,14.04073606
112,Bhutan,Both,2006,108.2764915,42.20538465,14.5468434,10.2445432,0.532491548,-0.088516889,5.261658315,0.017899915,3.55584551,11.47867792,10.61617311,3.627676961,11.49461739,13.19716158,4.600554373,9.869725188,50.86837738,35.20256818,-0.980489305,8.245622947,13.35651176,52.39502742,0.009677342,27.67359746,18.29434121,13.83054289,6.739130312,82.08762734,6.748261019,42.20538465,3.658828774,10.71319452,13.93489864
113,Bhutan,Both,2007,108.5031856,40.57263458,14.91382238,10.19839609,0.536067988,-0.088437899,5.453313065,0.018262325,3.367215956,11.26346301,10.47288021,3.569582069,11.28258251,12.96988754,4.544340923,9.817405655,50.55587715,35.25530793,-0.914681983,8.328303156,13.64560232,52.76333001,0.006112257,26.01867223,18.35690262,13.85181442,6.857678533,82.46472648,6.863443065,40.57263458,3.617298615,10.69047615,13.87761742
114,Bhutan,Both,2008,108.4264842,38.74395939,15.21588153,10.1366231,0.536838826,-0.088079889,5.624313296,0.018519147,3.178822011,11.04354207,10.31496998,3.510193424,11.06374341,12.73623401,4.486362243,9.743650665,50.15896269,35.29101089,-0.841348075,8.387701844,13.86566775,52.71137182,0.00240723,24.22313686,18.36626715,13.82368265,6.996640047,82.50316074,6.998918197,38.74395939,3.561431918,10.63245827,13.77261789
115,Bhutan,Both,2009,108.9229548,37.48562456,15.67428711,10.12419638,0.5404761,-0.088206273,5.842778149,0.018868198,3.019155878,10.89206721,10.21232641,3.473470085,10.91491051,12.55791243,4.457896717,9.726340529,50.02939549,35.5187023,-0.779037342,8.487721809,14.14485847,53.02396065,0.010213532,22.49954117,18.46537003,13.87184236,6.589454991,83.00835791,6.599109262,37.48562456,3.530127092,10.65962633,13.77336301
116,Bhutan,Both,2010,109.2020576,36.9944311,16.25236986,10.08750814,0.544397746,-0.088207942,6.04843219,0.019240773,2.8680248,10.7056901,10.0844239,3.426457658,10.72998406,12.3521324,4.422987232,9.681360467,49.78764619,35.67654762,-0.727402687,8.571020578,14.37500907,53.23283491,0.003058552,20.7366756,18.53929468,13.87225784,6.412605748,83.35069879,6.415546775,36.9944311,3.491041074,10.642415,13.7237431
117,Bhutan,Both,2011,108.5043459,36.91119846,17.69502164,9.991957246,0.542662331,-0.087474129,6.017589503,0.019458195,2.722361867,10.43742406,9.877762466,3.358064958,10.46706178,12.03977506,4.355226352,9.557224289,49.05537725,35.53019332,-0.681835963,8.573831705,14.47291384,52.916488,0.005907205,18.66339161,18.45300587,13.75250265,7.016473688,82.92838086,7.022022955,36.91119846,3.430793094,10.5543147,13.58400476
118,Bhutan,Both,2012,110.8033186,38.07698416,20.86185809,10.18158869,0.556059582,-0.089173406,6.140774262,0.020179925,2.691106946,10.48309168,9.965913221,3.388459604,10.5119468,12.09785356,4.414263288,9.698526553,49.74074681,36.37479979,-0.65646281,8.825897872,14.96791943,53.97162001,0.009194086,16.94009897,18.88669674,14.00254817,7.371100333,84.75943204,7.379682525,38.07698416,3.471968615,10.70070491,13.77019154
119,Bhutan,Both,2013,110.1761826,38.30641421,23.85499329,10.10251225,0.552974724,-0.088458256,6.105954239,0.020277403,2.675021499,10.28506783,9.790664013,3.341499815,10.3208539,11.820143,4.364702727,9.59994281,49.18213326,36.26560913,-0.62003722,8.839578042,15.04071282,53.57101869,0.012835263,14.74442044,18.81059431,13.87620518,6.908432737,84.32630906,6.920504754,38.30641421,3.44258659,10.62282161,13.66753427
120,Bhutan,Both,2014,112.3946029,39.46736331,26.89719816,10.29727145,0.565925875,-0.090077998,6.224894436,0.020920065,2.730397037,10.35845118,9.88546538,3.380839366,10.39695411,11.88986013,4.429441869,9.747204274,49.93616891,37.09169585,-0.601996618,9.092022892,15.48976804,54.46887866,0.00911444,13.15283758,19.23141944,14.09601967,7.17895826,86.03274197,7.187520612,39.46736331,3.508259992,10.76455482,13.87027762
121,Bhutan,Both,2015,111.1716803,39.20227969,27.66642841,10.18636985,0.56177942,-0.089076699,6.163545993,0.020959732,2.697208156,10.1142997,9.685327845,3.321030709,10.16199255,11.58784982,4.361747652,9.608489508,49.17663849,36.66079629,-0.573072969,9.068376311,15.4702594,53.78084258,0.007492719,11.53115752,19.04372753,13.87771249,7.094591365,85.09576004,7.101633627,39.20227969,3.468595761,10.65583169,13.72655622
122,Bhutan,Both,2016,111.2189596,38.82463221,27.59390687,10.1896595,0.564684074,-0.08914994,6.166038523,0.021289817,2.689783387,9.97968143,9.594727165,3.297344396,10.03079127,11.41758481,4.343279358,9.57268687,48.95272111,36.63562514,-0.553626866,9.150969464,15.6111859,53.67347014,0.012325726,10.32984963,19.09427784,13.80523701,6.587256811,85.11279677,6.598928314,38.82463221,3.471005045,10.64399915,13.71778479
123,Bhutan,Both,2017,110.3437383,37.43553075,27.10868284,10.10368494,0.563322824,-0.088474524,6.122781751,0.021449036,2.665281512,9.761082843,9.428618108,3.245492396,9.817213124,11.15885706,4.290080342,9.458951139,48.33014282,36.32316514,-0.532936354,9.163195673,15.61275319,53.24445894,0.01443773,9.14183356,18.98170319,13.62260414,6.578145356,84.48690712,6.591797367,37.43553075,3.454471002,10.56761525,13.62676857
124,Bhutan,Both,2018,110.8015418,35.95793458,26.73924793,10.1266369,0.570068421,-0.088965377,6.153126595,0.021917969,2.676695498,9.654667857,9.387117018,3.22943693,9.712089554,11.05321555,4.289531936,9.45453182,48.28519283,36.46493364,-0.520370394,9.299643113,15.78017749,53.47896816,0.017204825,8.329468072,19.09439292,13.58764973,7.173701318,84.89102609,7.189815968,35.95793458,3.479387705,10.59163158,13.67358009
125,Bhutan,Both,2019,110.9701964,33.96932836,26.06969135,10.11585188,0.576243803,-0.089255603,6.168050203,0.022375818,2.682027599,9.511900289,9.321083223,3.201355051,9.569379822,10.92570613,4.277144498,9.423342039,48.10669577,36.52447399,-0.508231077,9.410563106,15.91574478,53.56579007,0.020217828,7.891887631,19.14117843,13.50845954,7.026777197,85.07418447,7.045753336,33.96932836,3.495065852,10.59557676,13.69189359
126,Bhutan,Both,2020,111.2098546,29.88782324,22.11387205,10.11791925,0.582114911,-0.089479815,6.18324617,0.022754879,2.69001406,9.41895621,9.261074437,3.184367311,9.475713813,10.8713837,4.27385203,9.413697463,48.03321378,36.62180693,-0.498557468,9.541638355,16.16591942,53.67162926,0.015145825,7.766411579,19.0690308,13.42358373,7.067282832,85.29346083,7.081498208,29.88782324,3.534605828,10.5998019,13.73159118
127,Bhutan,Both,2021,110.9750646,33.96753566,26.07202607,10.05448244,0.581423438,-0.089243232,6.165017289,0.022744207,2.684986042,9.379839967,9.162406585,3.169835727,9.432415487,10.73110583,4.261272002,9.390411006,47.780298,36.56756306,-0.491100477,9.632700296,16.30697667,53.53593961,0.013503178,7.887953374,19.03145987,13.27841533,6.891313169,85.16992489,6.904036033,33.96753566,3.545766393,10.5697273,13.71153888
288,India,Both,1990,137.8713072,60.96430131,12.42484934,14.11548344,0.031232061,-0.056686155,6.82927235,0.061054906,6.498322568,11.60076259,20.65850573,6.630902326,16.87834755,19.96919863,6.028252103,15.61553741,73.20750793,37.89406439,-1.193908521,3.547522632,16.82097958,64.21346377,2.60624306,48.53224594,22.86008639,12.39532571,6.315626366,99.52213215,8.768934659,60.96430131,6.306496542,23.4314568,28.72942796
289,India,Both,1991,137.7803572,60.75589804,12.60090008,14.11369233,0.031301452,-0.056584608,6.767043187,0.062041406,6.489176034,11.52863893,20.62774312,6.608299532,16.76593792,19.83131942,5.988249486,15.54528484,72.98218123,37.90972432,-1.198934058,3.627235081,17.03619986,64.40120532,3.361565463,48.15835172,22.73019243,12.49143915,6.67841102,99.63373691,9.833707005,60.75589804,6.352247168,23.37081329,28.70344587
290,India,Both,1992,139.7276085,61.45213512,12.94324618,14.24116676,0.031665699,-0.056954633,6.850742138,0.063371186,6.552477267,11.62187769,20.8066444,6.655614804,16.82544298,19.90907539,6.015848471,15.63920635,73.67481366,38.31354498,-1.206021649,3.747848629,17.5568175,65.65645526,3.271601491,48.52417306,23.05024151,12.79388046,7.090885672,101.2651054,10.15984001,61.45213512,6.503521957,23.37850488,28.84729753
291,India,Both,1993,138.3213518,60.68032776,13.04913341,14.08255413,0.031401941,-0.056323869,6.790966239,0.063623135,6.484915291,11.50090496,20.59896743,6.56884501,16.6129705,19.58124515,5.931243128,15.45619296,72.82870406,37.98614844,-1.206686412,3.800961488,17.60606914,65.30952463,3.383789654,47.65390885,22.72585371,12.79119504,6.50093485,100.4691842,9.687129402,60.68032776,6.484535649,23.16431788,28.61003365
292,India,Both,1994,139.2376268,60.99943758,13.41747327,14.16667988,0.031659739,-0.056331227,6.812130344,0.06470666,6.527105469,11.56189096,20.70832014,6.589161572,16.66762043,19.56271035,5.937942587,15.51372056,73.16677711,38.22264874,-1.215633107,3.911939497,17.94619061,66.1406546,3.19088544,47.59993151,22.84518406,13.00099215,6.593414755,101.3958808,9.600234086,60.99943758,6.581921053,23.21618442,28.74096678
293,India,Both,1995,143.5339377,62.76722275,14.0365632,14.44108594,0.032423848,-0.057347289,6.972313138,0.066518788,6.681732368,11.83629404,21.14821647,6.712842854,16.94606939,19.87036985,6.046053369,15.81663947,74.86749561,39.09918161,-1.229835538,4.088057105,18.80873667,68.77733957,3.901256295,48.72565535,23.75499558,13.50531556,6.702016211,104.8782652,10.36920479,62.76722275,6.834701189,23.39230928,29.14804829
294,India,Both,1996,143.2815009,62.55270777,14.31493522,14.51840736,0.032520465,-0.057579351,7.023356764,0.067956173,6.704850292,11.83229518,21.20911189,6.710987581,16.97323737,19.72561088,6.026344557,15.78425146,74.8553481,39.23815903,-1.242916574,4.207307378,18.99129389,68.96336186,3.334849169,48.21394709,23.67191908,13.58048318,6.818587625,104.98299,9.959992503,62.55270777,6.87294393,23.36307119,29.14491811
295,India,Both,1997,142.4819229,62.13631841,14.66361595,14.44171473,0.032542811,-0.057550573,7.025270167,0.069072344,6.717042906,11.8178864,21.2318052,6.644304707,17.01782049,19.55277676,6.008645015,15.82394439,74.6125916,39.31884694,-1.262577048,4.339980417,19.057182,68.73632146,2.783140279,47.44822171,23.4387049,13.64410589,7.04693348,104.6143537,9.663852761,62.13631841,6.868159374,23.42353752,29.18784388
296,India,Both,1998,142.2662541,62.00269703,15.09480352,14.42220321,0.032551193,-0.057250187,7.017525506,0.069610791,6.739574023,11.81722977,21.21914271,6.589369236,17.02267258,19.40400364,5.989494688,15.84020437,74.48249138,39.30879378,-1.259306317,4.473934254,19.2344025,68.97431362,4.111227427,46.89363219,23.42922805,13.7470126,6.640852778,104.719673,10.5164133,62.00269703,6.888265781,23.16613626,28.95317992
297,India,Both,1999,134.2409632,58.39806536,14.76207903,13.6708928,0.031245974,-0.054421767,6.648492351,0.06753354,6.44683454,11.26143661,20.2228127,6.197625955,16.17878984,18.33971447,5.690841474,15.08741163,70.50650406,37.66199414,-1.200774952,4.446759958,18.20803871,65.27099818,3.212041377,43.63132748,21.99836654,12.98238073,6.254488504,99.13693996,9.274466858,58.39806536,6.533173778,21.78882583,27.27515749
298,India,Both,2000,132.2624528,57.43755735,15.06331934,13.49687105,0.030927286,-0.053439342,6.603952693,0.066926868,6.398365207,11.09546646,19.94463567,6.079246546,15.94439497,17.93931937,5.606084396,14.94054969,69.49471681,37.21009961,-1.192605042,4.537958228,18.08427185,64.58942644,2.894348919,42.37020239,21.68231627,12.81764135,6.31712974,97.92047087,9.0356086,57.43755735,6.399828776,21.35367399,26.72872119
299,India,Both,2001,133.4226254,57.8953366,15.69425779,13.54853968,0.031086039,-0.053239545,6.703672914,0.066791928,6.307297715,11.13474074,19.99652714,6.06178951,15.95831895,17.87234722,5.624265749,15.05502885,69.82422713,37.34061412,-1.205795995,4.6985232,18.40877798,65.5742642,2.777413693,42.22459155,21.90608652,12.9923496,6.03162398,98.99861632,8.655597872,57.8953366,6.392852463,21.31149282,26.68706403
300,India,Both,2002,133.3181995,57.82952216,16.11773737,13.49089635,0.0310605,-0.052809212,6.717040252,0.066316279,6.084050296,11.1221319,19.93220421,6.009771775,15.94724531,17.7415456,5.612144639,15.07223749,69.61008301,37.26044865,-1.205648584,4.842585863,18.44892229,65.83973723,3.97107425,41.79705791,21.81804433,13.0634472,5.758163296,99.08110637,9.513512123,57.82952216,6.338333172,21.03961158,26.37961192
301,India,Both,2003,134.8427125,58.50198613,16.75489417,13.60043063,0.031248199,-0.052604629,6.836718616,0.066221277,5.851516889,11.14669634,20.00351289,6.023465348,16.01412481,17.72677454,5.638580394,15.22097653,70.08399601,37.36074684,-1.222448597,5.016715783,18.77382008,66.89849814,3.712003876,41.88055787,22.06766208,13.32784046,6.445866599,100.2909919,9.941540885,58.50198613,6.309100234,21.11201556,26.4320182
302,India,Both,2004,133.3408819,57.75754302,17.09755544,13.3178696,0.030732292,-0.051317281,6.783497892,0.065305041,5.451456937,10.89253797,19.62508628,5.890447864,15.66353608,17.28564198,5.537027668,14.99710011,68.79665959,36.65735249,-1.224222035,5.08879103,18.67363425,66.38586927,3.47742664,40.77970715,21.86280129,13.18470981,6.094574958,99.24246817,9.373470103,57.75754302,6.097596684,20.67880458,25.82373781
303,India,Both,2005,132.6418883,57.27709383,17.3717922,13.18917575,0.030423811,-0.051116124,6.78780613,0.065292501,5.083163457,10.63774777,19.46144909,5.816161015,15.48960144,16.96643266,5.488739531,14.86716116,68.08424782,36.46990618,-1.215959468,5.221826299,18.7307591,66.37842075,3.744812264,39.90131499,21.76362201,13.10146269,6.351966389,98.95944679,9.877374862,57.27709383,5.940886174,20.21931313,25.24364702
304,India,Both,2006,136.5944144,58.63393697,17.96126836,13.513278,0.031260022,-0.052342026,6.98331163,0.067485192,4.870628518,10.71353116,19.94539998,5.934475592,15.84249321,17.22534487,5.625368915,15.22428352,69.68203387,37.40639748,-1.235722385,5.498284945,19.43255072,68.52686224,3.416768903,40.61792298,22.64172002,13.51911807,5.389550341,102.0739626,8.640131371,58.63393697,5.996426464,20.4648318,25.54691096
305,India,Both,2007,141.9929386,60.31546799,18.72200683,14.00642461,0.032351005,-0.054297625,7.313501743,0.070651797,4.686609543,10.83893024,20.62292598,6.122392622,16.35367393,17.63048137,5.805032392,15.76944877,72.0371438,38.72047469,-1.277210834,5.852975525,20.44876889,71.45390171,3.83653611,41.685371,23.7639084,14.07462842,6.378823702,106.3187116,9.997801433,60.31546799,6.083113204,21.07783771,26.23639728
306,India,Both,2008,143.8099219,60.27742007,19.00213443,14.14878597,0.032737597,-0.054828279,7.455729392,0.072688053,4.389097994,10.70559534,20.84705451,6.144112541,16.41481201,17.64160545,5.855825204,15.95421088,72.61900913,39.20844741,-1.296134626,6.103774219,20.95304746,72.41967236,3.021981106,41.54467151,24.1563757,14.30710369,6.41452506,107.8286259,9.274551151,60.27742007,6.006246764,21.27449194,26.36376702
307,India,Both,2009,141.5155837,58.59160986,18.87938876,13.97000411,0.032315855,-0.054414925,7.401372798,0.073697163,4.004101843,10.28347785,20.60201709,6.016805493,16.099311,17.21369332,5.769226923,15.75945631,71.37159377,38.81947114,-1.284527655,6.248508763,20.82904199,71.2035036,4.612368375,40.00482746,23.75813407,14.08270861,5.391855461,106.2639971,9.788630209,58.59160986,5.767624813,20.86497543,25.74902894
308,India,Both,2010,143.2124732,58.93144825,19.42263963,14.10085016,0.03273597,-0.055434039,7.582238112,0.076353127,3.757973564,10.08792981,20.83332253,6.024306056,16.11960126,17.1721493,5.8169756,15.96343255,71.91278556,39.38762199,-1.301893252,6.533804186,21.27947169,71.74611821,5.020199643,39.50344109,24.03179648,14.27208848,6.234234391,107.5084118,10.98156447,58.93144825,5.708781463,21.01032673,25.8434039
309,India,Both,2011,146.9847726,60.65299357,21.40225425,14.43396538,0.033633494,-0.057089995,7.790185529,0.080039897,3.61601876,10.02063739,21.33062157,6.134219743,16.36380123,17.3645707,5.940961984,16.35113491,73.45283006,40.38544184,-1.320896355,6.870327844,22.03194929,73.42069493,3.39243386,39.02157559,24.57427975,14.63804243,6.865392008,110.2766189,10.06480821,60.65299357,5.75321923,21.31624011,26.19186141
310,India,Both,2012,151.3365206,62.9623766,24.80994793,14.85799073,0.034751874,-0.058922124,7.923292895,0.084130281,3.585989738,10.06143799,21.89730128,6.29150321,16.75358634,17.67364844,6.088058353,16.78164665,75.28895138,41.44422818,-1.31921448,7.19733836,22.8179663,75.41416355,4.845966911,38.11824651,25.26757988,15.04786661,7.543710771,113.4659179,12.09061942,62.9623766,5.861492583,21.43485893,26.41866122
311,India,Both,2013,159.0630591,66.76747171,29.53182703,15.36613759,0.035956492,-0.060542089,8.094941213,0.087632971,3.769825296,10.27027358,22.53511988,6.479136599,17.12485542,18.12099352,6.263305003,17.33626776,78.00858403,42.48768468,-1.325176855,7.478864831,24.25171425,78.87663737,4.14401363,37.52170087,27.07472367,15.94826611,7.903798262,118.9342184,11.80213296,66.76747171,6.059560428,21.7735806,26.94872867
312,India,Both,2014,167.2872548,70.6128308,34.18766487,15.97798387,0.037095262,-0.062509444,8.339815913,0.091917225,3.967753045,10.47716976,23.32554512,6.682431837,17.56510152,18.61824845,6.465792468,17.92419886,81.07259302,43.87689859,-1.333326794,7.793297658,25.84936949,82.5262259,5.523339165,36.84708345,28.81774789,16.84216529,8.584716709,124.7850232,13.76271903,70.6128308,6.3057529,22.33394372,27.73825826
313,India,Both,2015,159.6007452,67.36829205,34.51103241,15.31951774,0.035899203,-0.060598177,8.066008997,0.091896441,3.838234312,9.705379782,22.47054645,6.349919847,16.71373268,17.61571275,6.202158912,17.15362187,77.47407996,42.70574542,-1.2606663,7.747120462,24.80190873,78.74471884,4.868970805,32.84936895,27.01417509,15.87465228,6.820751063,119.2999831,11.42853702,67.36829205,5.995256704,21.07424207,26.21720197
314,India,Both,2016,157.6637498,66.19099184,34.64723607,15.23392019,0.036010141,-0.061045848,8.011057425,0.094729335,3.832438892,9.332083887,22.34341969,6.254956078,16.47847803,17.25820171,6.140965074,16.98602129,76.63237003,42.67517792,-1.231890268,7.936759245,24.61022404,77.86712997,5.499736713,30.93790992,26.31816822,15.50868068,6.139957034,118.0255155,11.3892787,66.19099184,5.926161111,20.5096653,25.59967469
315,India,Both,2017,152.9323849,63.28166353,34.02634179,14.81723917,0.035240603,-0.059939873,7.802979354,0.095404233,3.742016257,8.775657704,21.73277568,6.044232209,15.88408579,16.45637721,5.946779905,16.45410442,74.22116268,41.7212388,-1.198364583,7.938387928,24.04476643,75.62739554,5.060733255,28.4441626,25.22330188,14.87874043,6.306977019,114.6359716,11.11401061,63.28166353,5.7089569,19.70106584,24.6071669
316,India,Both,2018,153.7893489,62.46695055,34.48690312,14.90227348,0.035509923,-0.060797344,7.919884574,0.098876839,3.77268467,8.543829034,21.87611158,6.026561837,15.96188833,16.28635499,5.954413451,16.55129439,74.57450383,42.03872527,-1.201121031,8.18297586,24.41925507,76.09140129,4.802798848,27.34957194,25.0516218,14.85967946,6.691573058,115.318684,11.23989785,62.46695055,5.719105912,19.76270065,24.67710232
317,India,Both,2019,153.7803471,60.92796694,34.4539664,14.91987475,0.035648729,-0.061152181,7.932407871,0.101675243,3.782256228,8.286205161,21.82624827,5.970703214,15.79129909,16.01358277,5.91538727,16.50381196,74.31842281,42.02331829,-1.195362315,8.327061177,24.65632731,76.14141491,5.636149044,26.46428965,24.97520042,14.72108151,7.240592298,115.3881157,12.55615636,60.92796694,5.675906684,19.61521485,24.49373692
318,India,Both,2020,152.3826177,57.0476799,30.89077981,14.66594765,0.035444856,-0.060454755,7.840329382,0.102659061,3.747105151,8.071378061,21.53963119,5.860298487,15.5045423,15.6926728,5.827728498,16.31329737,73.29601347,41.65583738,-1.182348486,8.388454498,24.81213333,75.39377022,4.372459777,26.14756126,25.26675909,14.4266323,7.018063368,114.5967577,11.14743406,57.0476799,5.603304265,19.28325479,24.1015394
319,India,Both,2021,151.1666504,59.86289173,34.18736167,14.65593755,0.035218181,-0.059919773,7.744249002,0.102208814,3.721859601,8.057104944,21.35475557,5.843699391,15.48513854,15.43855639,5.787549823,16.22142764,72.79881676,41.27886074,-1.174397751,8.457292362,24.74806487,74.72532508,3.703697164,25.66556245,25.0014053,14.18137313,6.4623896,113.6820527,9.971736067,59.86289173,5.529164289,19.00708727,23.76425815
384,Nepal,Both,1990,130.1110119,58.89612763,9.396173989,12.59484533,0.542558686,-0.061876383,4.685823224,0.013894364,5.444785057,13.92876118,15.45611518,6.357482317,22.52422087,21.35159651,7.845678362,10.96222657,69.83407118,32.7125464,-0.24150837,3.052324845,12.64066396,53.35667263,0.336987441,49.48982891,25.94582925,15.6827687,7.930186983,89.19640443,8.244269476,58.89612763,5.008666252,33.67403241,37.35786338
385,Nepal,Both,1991,128.6437134,58.11386512,9.424894031,12.42321817,0.544314995,-0.064633033,4.525683076,0.014178993,5.381819928,13.36714858,15.0002082,6.270552261,22.1162102,21.03230194,7.528763806,10.78541712,68.65685588,32.39944959,-0.290453096,3.060957343,12.92040075,52.92093541,0.54772936,48.68617102,25.85805534,15.66440012,7.942647289,88.52453718,8.453008708,58.11386512,4.949369316,33.20577802,36.84914654
386,Nepal,Both,1992,126.4867061,57.0417579,9.40072331,12.16983361,0.541839379,-0.067296348,4.478425479,0.014352514,5.284675597,12.75265946,14.48706217,6.144937317,21.56329446,20.59515169,7.185609073,10.56339819,67.16149379,31.89967096,-0.34041387,3.051731998,13.09569697,52.22255095,0.674267104,47.64171574,25.62529355,15.55663081,7.746771572,87.36989721,8.376351174,57.0417579,4.855781504,32.51129325,36.09083189
387,Nepal,Both,1993,126.9130988,57.14635354,9.58035316,12.16774304,0.551172839,-0.070955736,4.51695312,0.014833194,5.292101661,12.42269745,14.31038745,6.146606511,21.47058776,20.58801622,7.007664296,10.59008252,67.08712702,32.09261117,-0.403683881,3.114893128,13.49419429,52.61921548,0.314396167,47.57404173,25.86092082,15.75361492,7.611752279,87.99715396,7.904818107,57.14635354,4.853902974,32.5387637,36.11971536
388,Nepal,Both,1994,125.871661,56.61321917,9.656819001,11.98955604,0.553557645,-0.072296665,4.507057674,0.015158799,5.233051736,11.91667514,13.95199442,6.057412467,21.09564553,20.31276824,6.736151221,10.49018993,66.1675051,31.88276193,-0.466060531,3.138001847,13.70511089,52.43483087,0.954169587,46.96534871,25.77740726,15.75862466,7.27242503,87.58900016,8.167847753,56.61321917,4.792922217,32.15376115,35.69393874
389,Nepal,Both,1995,124.7014793,56.04889273,9.725338639,11.77334164,0.552409327,-0.073582539,4.494740867,0.015393719,5.162319741,11.42602481,13.60734338,5.955711217,20.69386239,20.0046579,6.478444619,10.39494659,65.18935562,31.62561491,-0.531952108,3.156947971,13.8794985,52.22983112,1.095950972,46.32113876,25.62834249,15.75114201,7.244604605,87.07832882,8.272863017,56.04889273,4.721190228,31.74593313,35.23675378
390,Nepal,Both,1996,122.678082,55.12078202,9.735342082,11.49275618,0.546282928,-0.073568677,4.446232515,0.015517266,5.062399247,10.86749635,13.19808891,5.80984937,20.13179913,19.55193163,6.186903498,10.23118962,63.7766481,31.12407074,-0.599260226,3.150556573,13.93212879,51.66679877,0.835118627,45.36524064,25.29659605,15.63252527,7.059952055,85.94766282,7.843951639,55.12078202,4.61749264,31.04779611,34.46828122
391,Nepal,Both,1997,121.8735422,54.74049786,9.877455046,11.32653181,0.545376351,-0.073611947,4.447151703,0.015790235,5.016567414,10.4418377,12.96309523,5.720626401,19.7475603,19.2981645,5.975558771,10.18655824,63.02233128,30.949838,-0.685350386,3.184537618,14.08685966,51.63907894,0.581749969,44.83088971,25.20588824,15.65477847,8.348990129,85.67353921,8.887263139,54.74049786,4.563849487,30.65444497,34.04151762
392,Nepal,Both,1998,121.2830781,54.45974526,10.02223718,11.17871565,0.544763714,-0.073815057,4.454785603,0.016043331,4.981621749,10.05449187,12.77433655,5.635249517,19.36090678,19.08019447,5.78841759,10.16102832,62.38306512,30.76360281,-0.772547021,3.22484982,14.26925889,52.14569573,0.821751761,44.40464104,25.16643291,15.67501538,6.922130527,85.75247546,7.694087913,54.45974526,4.518423931,30.2341912,33.5968942
393,Nepal,Both,1999,120.5586113,54.12889382,10.10708191,11.04633256,0.544271825,-0.073447323,4.573472889,0.016298531,4.945027916,9.665307859,12.58211061,5.543969609,18.93545258,18.86261572,5.606455462,10.12049352,61.76428784,30.5525037,-0.851274677,3.263608546,14.42022956,52.57631413,0.635133832,43.99578332,25.09677441,15.65068841,6.457072738,85.7235792,7.056247441,54.12889382,4.471144306,29.70445536,33.04431284
394,Nepal,Both,2000,120.151645,53.9473477,10.17737463,10.93425679,0.544430875,-0.07281857,4.711835701,0.016584628,4.912641215,9.296859724,12.41285789,5.463036204,18.55110287,18.67450758,5.451011113,10.10867607,61.291208,30.40861462,-0.927942539,3.311561631,14.62996241,53.09975913,0.349870839,43.77039335,25.06908162,15.67177579,7.548220403,85.88721962,7.874225757,53.9473477,4.426375179,29.28277217,32.60016917
395,Nepal,Both,2001,118.7271234,53.34130276,10.09722576,10.7270405,0.541417809,-0.071100067,4.812326094,0.016767704,4.749287912,8.845573823,12.12971907,5.327877075,17.99236702,18.32265898,5.259102303,9.993970022,60.24316131,29.99417691,-0.986533216,3.331086665,14.73328226,53.10287433,0.477673883,43.26080994,24.76410389,15.53751195,7.069628566,85.26236053,7.516745742,53.34130276,4.336578811,28.49022586,31.75622812
396,Nepal,Both,2002,118.2665834,53.20761239,10.08181205,10.61955391,0.543558637,-0.07016556,4.954917996,0.017073643,4.592925187,8.506217104,11.95227483,5.243412123,17.59364286,18.14139826,5.132536772,9.965233595,59.70939136,29.82630051,-1.051615869,3.38455011,14.93999756,53.46618236,0.401908951,43.14269309,24.56604183,15.51710501,6.890467428,85.26054485,7.267323637,53.20761239,4.287286136,27.834328,31.0826866
397,Nepal,Both,2003,118.4312129,53.37226272,10.11478607,10.55136817,0.550067833,-0.068776578,5.129330451,0.017505536,4.439676202,8.215373644,11.82878391,5.184354178,17.2907469,18.06474876,5.047565578,9.992595677,59.480767,29.83996459,-1.118846589,3.46524542,15.23674539,54.03149875,0.642339143,43.26452431,24.44718804,15.58089071,7.657804362,85.66437877,8.255285464,53.37226272,4.253521819,27.3061835,30.54894866
398,Nepal,Both,2004,119.3738651,53.8686724,10.20879859,10.54620021,0.561417223,-0.066969123,5.345403964,0.018114404,4.299979161,7.972298368,11.78268529,5.158470818,17.10335195,18.10097208,5.008269901,10.08832402,59.6428803,30.07937434,-1.186513139,3.580667546,15.64784633,54.85839677,0.568478304,43.65545598,24.49581062,15.73549538,7.296615921,86.60060444,7.82798254,53.8686724,4.215841182,26.99178714,30.22340211
399,Nepal,Both,2005,120.6829435,54.48801419,10.31691983,10.59157492,0.576533725,-0.064540247,5.580148691,0.018617733,4.152201791,7.755519166,11.77520279,5.153374771,16.98128686,18.21744879,4.996759106,10.21559618,60.00791511,30.43174307,-1.236398594,3.714008041,16.11886144,55.77055891,1.069716845,44.16678645,24.70288995,15.93106848,6.932984903,87.79905401,7.938568321,54.48801419,4.187426598,26.76633964,29.99282897
400,Nepal,Both,2006,122.5312426,55.232736,10.37288958,10.7053885,0.596303515,-0.061176767,5.850496474,0.019288089,4.009905202,7.572461151,11.82694456,5.178265756,16.94991594,18.427936,5.019801218,10.39417834,60.68312144,30.94910283,-1.282181251,3.881295326,16.6437313,56.66406681,0.781695934,44.86185198,25.06745834,16.20700818,6.618952588,89.28299493,7.356784668,55.232736,4.178107946,26.6833994,29.91790636
401,Nepal,Both,2007,125.2560505,56.24416401,10.35673658,10.88287424,0.617337151,-0.056881059,6.169029066,0.020167899,3.888818074,7.445324085,11.95886899,5.238547196,17.06106923,18.77620687,5.087733381,10.64875218,61.79578874,31.73667236,-1.334505534,4.098804441,17.3361159,57.59681149,0.959651743,45.89594626,25.5981972,16.5782794,7.712161952,91.24496261,8.609726223,56.24416401,4.216045929,26.74573885,30.0261978
402,Nepal,Both,2008,127.5060066,56.99556529,10.24671743,11.02060671,0.636903984,-0.050621389,6.47874129,0.021057794,3.76140699,7.280916262,12.02607473,5.280104442,17.10735541,19.04151122,5.141591871,10.85477087,62.67076421,32.40983862,-1.379520052,4.310268106,17.96460142,58.20279755,0.69904912,46.75621666,26.04231315,16.88473801,7.506112763,92.82325105,8.162112093,56.99556529,4.23142201,26.68585663,29.99486472
403,Nepal,Both,2009,129.9414186,57.85577223,10.19634003,11.15317169,0.657356327,-0.043049183,6.823444655,0.021991661,3.642920518,7.132206089,12.09289929,5.325817367,17.18130891,19.31797462,5.204660327,11.06395734,63.62275186,33.12263465,-1.424941969,4.530400958,18.61541843,58.80602321,1.188274041,47.6654219,26.52799177,17.2147263,7.040112253,94.490246,8.161886498,57.85577223,4.249369174,26.68873722,30.02683738
404,Nepal,Both,2010,132.2025953,58.77182303,10.27115505,11.26497323,0.676383955,-0.033953572,7.171176063,0.022903302,3.52597113,6.97356366,12.12029095,5.36029291,17.22423911,19.54375032,5.259284972,11.23586948,64.46377833,33.76939729,-1.457978442,4.735906619,19.20759392,59.22153357,1.181907217,48.49674554,26.9965819,17.51226682,7.346176891,95.96525342,8.459634121,58.77182303,4.258692426,26.67794693,30.03720355
405,Nepal,Both,2011,135.3018122,60.24862717,11.2456422,11.45650867,0.697061217,-0.024070879,7.339629233,0.023913986,3.456217814,6.888218827,12.21821494,5.437879194,17.40940287,19.88625206,5.350798585,11.48159932,65.62451167,34.61105497,-1.505646225,4.973313125,19.89811998,59.91836846,0.599544653,49.04856213,27.62373869,17.92661204,8.661870919,97.98472547,9.220633931,60.24862717,4.287957388,26.93114722,30.32369884
406,Nepal,Both,2012,140.4099706,62.74164922,13.40679692,11.79957576,0.728231157,-0.012578843,7.602028403,0.025267474,3.475410253,6.935621361,12.49094682,5.590708247,17.86454054,20.51143959,5.523380075,11.87655292,67.732828,35.97839542,-1.560708382,5.289376004,20.84025936,61.26361832,1.445601081,49.49339052,28.66205399,18.5684714,9.274070785,101.333999,10.61954604,62.74164922,4.38803511,27.46339749,30.94948806
407,Nepal,Both,2013,140.5174115,63.04948478,15.51735053,11.73485245,0.729879235,-0.000186295,7.586452173,0.025581982,3.477302927,6.788861525,12.33105159,5.557342573,17.73399292,20.39076133,5.502557947,11.85351941,67.518039,35.94123452,-1.565953344,5.416081203,21.07750798,59.82146046,0.874081742,47.78014184,28.67137403,18.56076513,8.662867733,100.7518163,9.480039586,63.04948478,4.343990611,27.09839931,30.56092212
408,Nepal,Both,2014,142.9150002,64.34456833,17.54060141,11.85911503,0.742746929,0.013353087,7.684190256,0.026223095,3.526307769,6.798781473,12.36890461,5.615564559,17.92142769,20.59197125,5.572378779,12.00902204,68.38456381,36.48589605,-1.582153794,5.622039472,21.64319352,59.12344053,1.271345428,47.03460753,29.18397516,18.8313545,9.115928924,101.7094631,10.30216059,64.34456833,4.37718942,27.14141885,30.64319914
409,Nepal,Both,2015,140.7822991,63.48635947,18.04654648,11.62589972,0.731192909,0.027634366,7.546309029,0.025977181,3.469900439,6.63001576,12.04548253,5.511977548,17.59393176,20.15557229,5.473515424,11.81031318,67.16591019,35.89546013,-1.564897037,5.665292303,21.53512739,56.63114758,1.068664066,45.44328032,28.76223218,18.51064039,8.409069952,99.49885082,9.409319436,63.48635947,4.276675449,26.54831954,29.97476416
410,Nepal,Both,2016,140.4923558,63.27427633,17.99102335,11.5729768,0.727488517,0.042197537,7.510563053,0.025940247,3.452753995,6.601101172,11.91520014,5.487915178,17.53008242,20.00822142,5.449571317,11.75888732,66.89610277,35.75307802,-1.556737413,5.761995245,21.72611864,54.84800465,1.092445812,45.01688984,28.91432843,18.4162605,7.726132639,98.64807105,8.756660629,63.27427633,4.238403684,26.30252412,29.70383082
411,Nepal,Both,2017,135.9305324,60.97181011,17.37600119,11.13598577,0.701679556,0.058292889,7.275912866,0.025132715,3.328692505,6.359709385,11.41650406,5.292785928,16.93682353,19.22606417,5.260462199,11.35175159,64.56940747,34.53084675,-1.512195203,5.687232567,21.24326523,52.89153496,1.073316829,43.25542924,28.32398541,17.77958627,7.734480869,95.55818917,8.74463506,60.97181011,4.079215855,25.38569054,28.66088805
412,Nepal,Both,2018,136.3895925,60.77089108,17.28444351,11.11947027,0.703385783,0.077495882,7.287081753,0.025262234,3.327745953,6.364670689,11.3532871,5.28988277,16.97120917,19.16218801,5.266370325,11.34218225,64.60300022,34.58430768,-1.508065235,5.808948232,21.54015244,52.75759872,0.994526859,43.22995479,28.77983686,17.76403199,8.476239223,95.92717571,9.406028702,60.77089108,4.07485279,25.30318792,28.58018081
413,Nepal,Both,2019,136.235433,60.14805869,17.0281657,11.03898929,0.701616156,0.09717428,7.283453918,0.025246625,3.320156109,6.347299932,11.2321911,5.261296452,16.93435065,18.99987028,5.247542697,11.27933729,64.33986462,34.48243497,-1.498473154,5.903958843,21.69910661,52.45582852,1.444107546,43.11708776,28.92161401,17.6783976,8.532576416,95.8190306,9.882064037,60.14805869,4.057802377,25.11910011,28.38737807
414,Nepal,Both,2020,136.6038272,58.85323533,14.61605855,11.00882722,0.709023114,0.126916654,7.296508957,0.02571661,3.32506148,6.242027297,11.16722695,5.230232635,16.89315977,18.97108171,5.243704244,11.22951497,64.29872664,34.56260334,-1.493526837,6.036807221,21.97662904,52.36306698,0.777843828,44.23337368,28.80026822,17.64023078,8.607179877,95.97495569,9.333457803,58.85323533,4.058322567,25.01618475,28.28988711
415,Nepal,Both,2021,136.5280952,60.27812425,17.03647399,10.9722017,0.707429852,0.14550202,7.281741367,0.02563727,3.319518573,6.289311247,11.0841723,5.224710442,16.92751375,18.87700771,5.241075883,11.19897153,64.18299254,34.53138329,-1.488329774,6.154824086,22.03493043,52.14020751,0.693440123,43.23917335,28.89955889,17.54305155,8.065976595,95.9033838,8.716618472,60.27812425,4.051187941,24.88116252,28.15275026
480,Pakistan,Both,1990,140.7060389,63.4015286,14.38109923,13.85281757,0.701317787,0.131909129,5.400199088,0.019274557,5.013285325,15.85825797,13.68036858,6.374831209,19.27948633,21.26063764,9.971538672,29.11116123,79.50967879,39.07169296,-0.386485671,5.992724414,16.39734325,70.48642834,7.755616149,49.00800574,21.41075296,13.37272778,12.67108061,103.9304628,19.64738421,63.4015286,9.546026569,25.35052385,33.2277283
481,Pakistan,Both,1991,142.4537422,64.03051309,14.65611989,14.04259678,0.720516335,0.156739637,5.335169988,0.019985812,5.084980244,15.9224603,13.81306185,6.471435016,19.30092168,21.49175463,9.805249151,29.60973213,80.30784864,39.69828862,-0.407049623,6.157943991,16.63591731,71.42154476,7.102000704,49.3695835,21.66298067,13.69984909,13.67357724,105.3276597,20.01278435,64.03051309,9.731217934,25.64893387,33.68015897
482,Pakistan,Both,1992,145.5833536,65.29988343,15.07004232,14.38359647,0.750583374,0.181049809,5.482720637,0.020991975,5.210722361,16.14906034,14.10653039,6.639082856,19.5109103,21.96072203,9.732929237,30.42657469,81.98799033,40.76326596,-0.428271238,6.417755781,17.04365923,73.07165162,5.734690306,50.23092092,22.11993925,14.13010745,13.7109803,107.7836572,18.83733886,65.29988343,10.02274732,26.13031757,34.4082236
483,Pakistan,Both,1993,150.1633646,67.22830614,15.70926458,14.89941515,0.787650783,0.200789215,5.66370839,0.022200754,5.392531385,16.55580474,14.56524493,6.887521353,19.92862863,22.6684186,9.768213676,31.55279248,84.5077938,42.24905297,-0.45049675,6.748714498,17.67077542,75.37822254,8.457934878,51.52347364,22.78442887,14.70729418,13.20982858,111.293442,20.83521842,67.22830614,10.39634374,26.96590501,35.54937157
484,Pakistan,Both,1994,155.1908196,69.4023298,16.4169779,15.35400958,0.825413238,0.211732602,5.868085957,0.023369939,5.584758791,17.0070939,15.05738738,7.140164502,20.36393398,23.39056371,9.826702343,32.73514778,87.1615324,43.81105157,-0.474139605,7.102829916,18.40709396,77.89442701,6.714998867,52.98589686,23.52884485,15.32625208,13.80494352,115.1303531,19.85672192,69.4023298,10.76459005,27.91244796,36.79505221
485,Pakistan,Both,1995,160.5309917,71.68106737,17.15849778,15.99370645,0.86281635,0.220592641,6.099263487,0.024671128,5.801949899,17.5165602,15.60961946,7.442265553,20.85770903,24.19354196,9.914725813,33.99790016,90.17510593,45.48616229,-0.495622253,7.489719198,19.28406428,80.5469724,7.870489074,54.51673816,24.3292729,15.97760495,15.01763661,119.2277235,22.06205912,71.68106737,11.1221175,28.91395644,38.08253342
486,Pakistan,Both,1996,163.187541,72.80879675,17.73882107,16.21402021,0.880446954,0.215188648,6.218872758,0.025380195,5.898471427,17.70977094,15.86281124,7.587634771,20.94717039,24.52142481,9.829460065,34.61243417,91.446213,46.31876606,-0.503358428,7.746082126,19.99836314,81.71310127,7.451005569,55.05814615,24.77127008,16.42883902,15.19558541,121.297809,21.85625339,72.80879675,11.22975311,29.47187866,38.72065405
487,Pakistan,Both,1997,166.0198314,74.04510093,18.41160759,16.50351831,0.89750505,0.205848392,6.333410621,0.026058029,6.009091427,17.99437463,16.19109303,7.766817903,21.10354303,24.90980131,9.808672567,35.27977073,92.92264216,47.17168632,-0.504449718,8.02779041,20.91704063,82.94931504,7.216539491,55.62776926,25.27844351,16.86134974,17.07926371,123.5403326,23.45347176,74.04510093,11.3585499,29.98972524,39.33668287
488,Pakistan,Both,1998,167.1482733,74.5028215,18.920706,16.61347604,0.902744203,0.190839573,6.395967319,0.02635011,6.050703555,18.12199543,16.35498399,7.864959953,21.05562502,25.03025312,9.705357324,35.54482922,93.43371732,47.5453279,-0.495389259,8.255853364,21.71410388,83.37992563,9.591534887,55.58405925,25.53342743,17.05339801,15.25709991,124.564856,23.85591555,74.5028215,11.35108963,30.02883563,39.37360192
489,Pakistan,Both,1999,168.4558556,75.06363656,19.46564526,16.73717485,0.908059247,0.176593506,6.639377874,0.026571863,6.103080796,18.3048414,16.5599815,7.974666254,21.04735508,25.18109431,9.640145897,35.84569626,94.17727189,47.98380843,-0.486647203,8.522746445,22.53352671,83.9427078,9.320891855,55.60062033,25.83409709,17.30667897,14.1740081,125.7696415,22.62001113,75.06363656,11.33448301,30.07712107,39.41725706
490,Pakistan,Both,2000,169.6080946,75.51849463,19.89220776,16.7292651,0.908407824,0.161891597,6.857485296,0.026587924,6.139919039,18.50241326,16.7344042,8.055531271,21.02500471,25.27612136,9.597287111,36.07032789,94.72465838,48.34583491,-0.486441449,8.788897636,23.22635738,84.45348185,9.943498585,55.61937673,26.06357535,17.50784229,15.37311563,126.8010213,24.29564784,75.51849463,11.32063174,30.07099685,39.40584164
491,Pakistan,Both,2001,170.3640729,75.81355143,20.30011229,16.8653878,0.909263095,0.150074315,7.086872038,0.026538455,6.116507627,18.72348721,16.93152331,8.176752693,21.03457003,25.38570743,9.579820697,36.25356875,95.2602588,48.63001418,-0.49626211,9.087036955,23.80403669,84.76062486,8.772274698,55.52547453,26.20377262,17.62425716,13.79488663,127.5362493,21.77084266,75.81355143,11.2589785,30.02288792,39.31403717
492,Pakistan,Both,2002,171.1490824,76.11316197,20.72971496,16.97251575,0.910780751,0.142588319,7.335319121,0.02647772,6.050925798,18.92126946,17.12058849,8.284055811,21.02579648,25.47317962,9.564902128,36.41617937,95.74691908,48.88620993,-0.51286528,9.419154247,24.32746752,85.14821105,10.73807275,55.44675788,26.36720216,17.77293496,13.79383318,128.3039748,23.56590676,76.11316197,11.20630942,29.97884012,39.23293443
493,Pakistan,Both,2003,172.2360487,76.50940199,21.15972875,17.11375813,0.915968,0.141854116,7.595038253,0.026573055,5.951240013,19.12228869,17.33726522,8.404380047,21.02769758,25.59763203,9.566920051,36.6340842,96.38149092,49.24943357,-0.535892603,9.808540329,24.91392709,85.81174053,8.931771329,55.45994312,26.55458945,17.93020222,15.38549259,129.3668833,23.42069384,76.50940199,11.18508363,29.98830215,39.22990111
494,Pakistan,Both,2004,172.0551541,76.33704949,21.39213873,17.13736368,0.915341478,0.145368088,7.824257264,0.026532574,5.780463974,19.1288412,17.39790177,8.450896555,20.84793716,25.50874889,9.495212431,36.57171371,96.31213684,49.21032864,-0.558197994,10.11058057,25.34029129,85.91664043,9.917304536,55.05105007,26.55343511,17.99500852,13.22200458,129.5089851,22.28620226,76.33704949,11.04929911,29.83391221,38.96042637
495,Pakistan,Both,2005,171.7767903,76.13718946,21.51028203,17.03930564,0.915376181,0.155783583,8.095471175,0.026207132,5.566218919,19.05065672,17.39785413,8.454158533,20.58558873,25.34814409,9.399617813,36.45329152,96.01480096,49.24495288,-0.576871117,10.44179304,25.78043332,86.0740065,8.241787428,54.62341436,26.54242778,18.02066001,16.29725522,129.6839245,23.60462153,76.13718946,10.91909828,29.595289,38.61928814
496,Pakistan,Both,2006,171.4510734,75.63151705,21.42133546,16.89054443,0.915638383,0.170516803,8.353455297,0.025899284,5.328968928,18.92452953,17.34614399,8.432567723,20.26814718,25.12952964,9.29412768,36.27348441,95.5224475,49.08443725,-0.594653729,10.73755451,26.16022288,86.22886546,9.72127216,54.18320312,26.49802019,18.0584542,13.66510091,129.7142722,22.52159696,75.63151705,10.76678952,29.2437618,38.15022838
497,Pakistan,Both,2007,171.3420562,74.93025782,21.29993823,16.90861272,0.911102771,0.187570333,8.590482937,0.025754669,5.1057769,18.82105589,17.33890273,8.455461092,20.00842077,24.99611657,9.227403054,36.17664118,95.32368382,49.04602953,-0.612584422,11.10375987,26.61706374,86.52695856,9.446658285,53.76873599,26.40904139,18.04881565,15.10899132,129.9452561,23.61229199,74.93025782,10.60985736,28.85508203,37.64526818
498,Pakistan,Both,2008,172.6133593,74.7928711,21.28800815,17.01799953,0.914113883,0.204960839,8.93960881,0.025806497,4.923564399,18.88014857,17.46337606,8.529633579,19.92603353,25.06171806,9.24980226,36.37028885,95.9492137,49.4198269,-0.639477289,11.57506488,27.27163957,87.61526356,8.357769933,53.81969277,26.50770057,18.18833794,15.24428234,131.2719282,22.75149205,74.7928711,10.51288706,28.65388742,37.38053488
499,Pakistan,Both,2009,174.1901336,74.85421097,21.36548255,17.1280436,0.918259589,0.227081039,9.373361379,0.02584244,4.766442219,18.98011095,17.6056075,8.611474747,19.88640616,25.15100783,9.294424699,36.596284,96.68263842,49.88821292,-0.660421855,12.0531118,27.95639009,88.96146631,9.90890582,53.81684521,26.69955099,18.3636835,14.77396985,132.8625319,23.74605676,74.85421097,10.39436301,28.43034936,37.0768816
500,Pakistan,Both,2010,175.7724106,75.30515081,21.50992324,17.15789179,0.920822376,0.242783649,9.764690536,0.025947538,4.640180678,19.0635462,17.72568919,8.670171477,19.84261774,25.24122617,9.354692443,36.81802332,97.38413605,50.33140319,-0.67990076,12.46551942,28.64906691,90.26140958,9.815383364,53.78958532,26.99393695,18.53055992,14.85631897,134.4649208,23.72110579,75.30515081,10.2688832,28.19161874,36.74808426
501,Pakistan,Both,2011,178.2797516,76.58415674,23.03488917,17.49003969,0.932463758,0.264930978,9.932400457,0.026289724,4.591144849,19.26094535,17.95310327,8.811984717,19.96498627,25.52166408,9.471775078,37.25609652,98.64381593,51.01089647,-0.694571002,12.92881952,29.36990368,92.30748688,9.348949891,53.30237979,27.46935928,18.81891863,15.52543286,136.8198563,23.95915011,76.58415674,10.14223336,27.95445761,36.43045909
502,Pakistan,Both,2012,183.39311,79.36561866,26.54753449,17.96803202,0.95682034,0.288833837,10.26877682,0.027042142,4.650596039,19.71556607,18.42366511,9.043698211,20.36463136,26.15391703,9.724742222,38.22291993,101.2549038,52.4457109,-0.719696304,13.57879107,30.5747276,95.68383403,10.03639923,52.78375019,28.38793489,19.21829352,17.79044628,141.1900245,26.73121241,79.36561866,10.15983078,27.93912912,36.46590135
503,Pakistan,Both,2013,187.2892925,81.7211928,30.61514706,18.24778062,0.979765431,0.314279058,10.40097622,0.027742961,4.772939213,20.04660943,18.75958027,9.192961841,20.65674512,26.6226165,9.940579907,38.9761709,103.1797435,53.64034126,-0.740942655,14.18276437,31.62723142,98.5094003,10.16893486,51.42202497,29.10940499,19.65521364,16.61576172,144.7186883,25.76778416,81.7211928,10.1539276,27.73446602,36.28980855
504,Pakistan,Both,2014,190.4397519,83.59871819,34.155667,18.54425724,0.997852869,0.343195541,10.63448768,0.028374862,4.873508231,20.23520333,19.01246628,9.303844891,20.85316631,26.97584345,10.07639499,39.54259005,104.7091223,54.58410442,-0.753185282,14.67941634,32.48010738,100.4870576,10.58583066,49.89711912,29.7316004,19.85762387,18.34572066,147.435504,27.77737236,83.59871819,10.07716346,27.41353182,35.93639242
505,Pakistan,Both,2015,188.9728734,83.15334663,35.17299608,18.55147002,0.994282467,0.370012623,10.57814237,0.028502284,4.861123737,19.92657905,18.8103164,9.212521935,20.54905014,26.68893246,9.976349163,39.17933117,103.8891588,54.22178928,-0.751807649,14.82276098,32.46647302,99.86180565,9.188632571,47.96956948,29.61239303,19.57967438,17.4938832,146.4738346,25.70254069,83.15334663,9.761542101,26.7033555,34.97708668
506,Pakistan,Both,2016,190.4368055,83.50181651,35.40446888,18.63106283,1.003661989,0.399351764,10.6526823,0.028947752,4.904691387,19.91335283,18.84348558,9.213549581,20.55465979,26.76946982,10.02465319,39.38730039,104.4655199,54.53780224,-0.75001796,15.1147308,32.91059888,100.8206107,11.32204674,47.42696095,29.94653656,19.72885916,14.83550434,147.7430701,25.17325037,83.50181651,9.625634937,26.36649952,34.54380331
507,Pakistan,Both,2017,186.4557631,80.99488249,34.44676681,18.20561971,0.985313987,0.42079148,10.42269935,0.028626431,4.810709567,19.29653996,18.33582085,8.951305155,19.97237879,26.07857855,9.771984024,38.48792628,102.0185651,53.44414572,-0.737016001,15.01181518,32.39727105,98.85811892,10.94634447,45.66228989,29.41531452,19.22576285,16.34188023,144.8128172,26.19338537,80.99488249,9.23990756,25.45810365,33.32183477
508,Pakistan,Both,2018,185.318847,79.26807621,33.8583744,17.79933534,0.978495954,0.448341096,10.35839309,0.028639282,4.767236464,18.91344371,18.0165462,8.755547234,19.61845253,25.6882572,9.643792591,38.09033005,100.8152009,53.06625918,-0.7280905,15.10500418,32.40876668,98.3022229,10.61228509,44.73683315,29.36633432,19.00513063,15.05438304,144.0413424,24.69983264,79.26807621,9.011686124,24.84549237,32.53416209
509,Pakistan,Both,2019,184.8225613,77.57922481,33.22022498,17.88623404,0.981551892,0.481560127,10.36671741,0.029031131,4.776283345,18.67010179,17.86614448,8.702303465,19.46306993,25.53246241,9.583241823,37.94493151,100.4773296,52.84460746,-0.717711897,15.17969143,32.47471739,98.07191008,10.52599915,44.34787361,29.40251511,18.87013676,18.46737927,143.7177754,27.78297615,77.57922481,8.815016308,24.37772441,31.91636097
510,Pakistan,Both,2020,184.4147418,74.208803,29.3576236,18.09763327,0.988696168,0.513801574,10.35784217,0.029476978,4.79312543,18.46235703,17.75289825,8.670799104,19.32848713,25.47773507,9.533985259,37.83722166,100.4048065,52.79116836,-0.715214486,15.3629899,32.58493879,97.8964439,10.35213197,44.83900615,29.22692996,18.68189806,17.94233323,143.4631816,27.13674854,74.208803,8.685367407,23.93121852,31.37502874
511,Pakistan,Both,2021,183.447358,77.00974122,33.03099443,17.83473178,0.977943829,0.526218585,10.2399634,0.029129834,4.769331351,18.33538534,17.50636636,8.562994198,19.25719035,25.21874979,9.509402636,37.56124979,99.6167294,52.47885229,-0.708254869,15.45008931,32.53400795,97.36925845,10.29031686,43.96974153,29.50892804,18.41359045,15.56903883,142.8572976,24.86874987,77.00974122,8.492512874,23.4976013,30.78987644
